{
  "type": "minecraft:archaeology",
  "pools": [
    {
      "rolls": 1,
      "entries": [
        {
          "type": "minecraft:item",
          "name": "minecraft:scrape_pottery_sherd"
        },
        {
          "type": "minecraft:item",
          "name": "minecraft:honeycomb"
        },
        {
          "type": "minecraft:item",
          "name": "minecraft:shelter_pottery_sherd"
        },
        {
          "type": "minecraft:item",
          "name": "minecraft:plenty_pottery_sherd"
        },
        {
          "type": "minecraft:item",
          "name": "minecraft:skull_pottery_sherd"
        },
        {
          "type": "minecraft:item",
          "name": "minecraft:emerald"
        },
        {
          "type": "minecraft:item",
          "name": "minecraft:slime_block"
        },
        {
          "type": "minecraft:item",
          "name": "minecraft:diamond"
        }
      ]
    }
  ],
  "functions": [
    {
      "function": "minecraft:reference",
      "name": "nova_structures:loot_modifier"
    }
  ]
}