{
  "type": "minecraft:archaeology",
  "pools": [
    {
      "rolls": 1,
      "entries": [
        {
          "type": "minecraft:item",
          "name": "minecraft:music_disc_13"
        },
        {
          "type": "minecraft:item",
          "name": "minecraft:emerald",
          "weight": 3
        },
        {
          "type": "minecraft:item",
          "name": "minecraft:slime_ball",
          "weight": 3
        },
        {
          "type": "minecraft:item",
          "name": "minecraft:brown_egg",
          "weight": 3
        },
        {
          "type": "minecraft:item",
          "name": "minecraft:yellow_dye",
          "weight": 3
        },
        {
          "type": "minecraft:item",
          "name": "minecraft:brown_dye",
          "weight": 3
        },
        {
          "type": "minecraft:item",
          "name": "minecraft:white_dye",
          "weight": 3
        },
        {
          "type": "minecraft:item",
          "name": "minecraft:black_dye",
          "weight": 3
        },
        {
          "type": "minecraft:item",
          "name": "minecraft:stone_axe",
          "weight": 2,
          "functions": [
            {
              "function": "minecraft:set_damage",
              "damage": {
                "type": "minecraft:uniform",
                "min": 0.35,
                "max": 0.65
              }
            }
          ]
        },
        {
          "type": "minecraft:item",
          "name": "minecraft:stone_hoe",
          "weight": 2,
          "functions": [
            {
              "function": "minecraft:set_damage",
              "damage": {
                "type": "minecraft:uniform",
                "min": 0.35,
                "max": 0.65
              }
            }
          ]
        },
        {
          "type": "minecraft:item",
          "name": "minecraft:cocoa_beans",
          "weight": 3
        },
        {
          "type": "minecraft:item",
          "name": "minecraft:jungle_log",
          "weight": 3
        },
        {
          "type": "minecraft:item",
          "name": "minecraft:sheaf_pottery_sherd",
          "weight": 3
        },
        {
          "type": "minecraft:item",
          "name": "minecraft:howl_pottery_sherd",
          "weight": 3
        }
      ]
    }
  ],
  "functions": [
    {
      "function": "minecraft:reference",
      "name": "nova_structures:loot_modifier"
    }
  ]
}