{
	"type": "minecraft:jigsaw",
	"start_pool": "nova_structures:jungle_temple/jungle_temple_start",
	"biomes": "#minecraft:has_structure/jungle_temple",
	"project_start_to_heightmap": "WORLD_SURFACE_WG",
	"liquid_settings": "ignore_waterlogging",
	"start_height": {
		"absolute": 0
	},
	"spawn_overrides": {
    "monster": {
      "bounding_box": "piece",
      "spawns": []
    }
  },
	"step": "surface_structures",
	"use_expansion_hack": false,
	"max_distance_from_center": 64,
	"size": 4,
	"terrain_adaptation": "none"
}