{
	"name": "nova_structures:jungle_temple/jungle_temple_start",
	"fallback": "nova_structures:jungle_temple/jungle_temple_start",
	"elements": [
		{
			"weight": 1,
			"element": {
				"element_type": "minecraft:single_pool_element",
				"location": "nova_structures:jungle_temple/jungle_temple_start_1",
				"projection": "rigid",
				"processors": "nova_structures:jungle_temple_degradation"
			}
		},
		{
			"weight": 1,
			"element": {
				"element_type": "minecraft:single_pool_element",
				"location": "nova_structures:jungle_temple/jungle_temple_start_2",
				"projection": "rigid",
				"processors": "nova_structures:jungle_temple_degradation"
			}
		},
		{
			"weight": 1,
			"element": {
				"element_type": "minecraft:single_pool_element",
				"location": "nova_structures:jungle_temple/jungle_temple_start_3",
				"projection": "rigid",
				"processors": "nova_structures:jungle_temple_degradation"
			}
		},
		{
			"weight": 1,
			"element": {
				"element_type": "minecraft:single_pool_element",
				"location": "nova_structures:jungle_temple/jungle_temple_start_4",
				"projection": "rigid",
				"processors": "nova_structures:jungle_temple_degradation"
			}
		}
	]
}
