{
    "description": {
        "translate": "enchantment.minecraft.wind_propulsion",
        "fallback": "Wind Propulsion"
    },
    "supported_items": "#minecraft:enchantable/mace",
    "weight": 2,
    "max_level": 3,
    "min_cost": {
        "base": 15,
        "per_level_above_first": 9
    },
    "max_cost": {
        "base": 65,
        "per_level_above_first": 9
    },
    "anvil_cost": 4,
    "slots": [
        "mainhand"
    ],
    "effects": {
        "minecraft:hit_block": [
            {
                "effect": {
                    "type": "minecraft:explode",
                    "radius": 3.5,
                    "block_interaction": "trigger",
                    "offset": [
                        0,
                        0.5,
                        0
                    ],
                    "small_particle": {
                        "type": "minecraft:gust_emitter_small"
                    },
                    "large_particle": {
                        "type": "minecraft:gust_emitter_large"
                    },
                    "sound": "minecraft:entity.wind_charge.wind_burst",
                    "immune_blocks": "#minecraft:blocks_wind_charge_explosions",
                    "knockback_multiplier": {
                        "type": "minecraft:lookup",
                        "fallback": {
                            "type": "minecraft:linear",
                            "base": 1.25,
                            "per_level_above_first": 0.35
                        },
                        "values": [
                            1.25,
                            1.65,
                            2.25
                        ]
                    }
                },
                "requirements": {
                    "condition": "minecraft:entity_properties",
                    "entity": "this",
                    "predicate": {
                        "flags": {
                            "is_on_ground": true
                        }
                    }
                }
            }
        ]
    }
}