{
  "values": [
    {
      "id": "#enchantencore:protection",
      "required": false
    },
    {
      "id": "enchantencore:crab_claw",
      "required": false
    },
    {
      "id": "enchantencore:ender_shot",
      "required": false
    },
    {
      "id": "enchantencore:growth",
      "required": false
    },
    {
      "id": "enchantencore:shrinkage",
      "required": false
    },
    {
      "id": "enchantencore:lightning_bolt",
      "required": false
    },
    {
      "id": "enchantencore:night_vision",
      "required": false
    },
    {
      "id": "enchantencore:sting",
      "required": false
    },
    {
      "id": "enchantencore:swift_slash",
      "required": false
    }
  ]
}
