{
  "anvil_cost": 2,
  "description": {
    "translate": "rrc.h-nigh.enchantment.horde_bane_of_arthropods",
    "fallback": "Horde Arthropod Slayer"
  },
  "effects": {
    "minecraft:damage": [
      {
        "effect": {
          "type": "minecraft:add",
          "value": {
            "type": "minecraft:linear",
            "base": 3,
            "per_level_above_first": 2
          }
        },
        "requirements": {
          "condition": "minecraft:entity_properties",
          "entity": "this",
          "predicate": {
            "nbt": "{Tags:[\"h-nigh.mob\"]}",
            "type": "#minecraft:sensitive_to_bane_of_arthropods"
          }
        }
      }
    ]
  },
  "exclusive_set": "#h-nigh:exclusive_set/horde_damage",
  "max_cost": {
    "base": 25,
    "per_level_above_first": 8
  },
  "max_level": 5,
  "min_cost": {
    "base": 5,
    "per_level_above_first": 8
  },
  "primary_items": "#minecraft:enchantable/sword",
  "slots": [
    "mainhand"
  ],
  "supported_items": "#minecraft:enchantable/weapon",
  "weight": 1
}