{
  "display": {
    "icon": {
      "id": "minecraft:written_book"
    },
    "title": {
      "translate": "advancement.enchantplus.title.start",
      "fallback": "A bunch of enchantments"
    },
    "description": {
      "translate": "advancement.enchantplus.description.start",
      "fallback": "Obtain your first custom enchantment to see the other ones",
      "color": "dark_aqua"
    },
    "frame": "task",
    "show_toast": true,
    "announce_to_chat": false,
    "hidden": false
  },
  "parent": "enchantplus:root",
  "criteria": {
    "requirement": {
      "trigger": "minecraft:inventory_changed",
      "conditions": {
        "items": [
          {
            "predicates": {
              "minecraft:enchantments": [
                {}
              ]
            }
          }
        ]
      }
    }
  }
}