{
  "display": {
    "icon": {
      "id": "minecraft:redstone",
      "components": {
        "minecraft:custom_model_data": 6548002
      }
    },
    "title": {
      "translate": "rrc.h-nigh.advancement.ritual.blood_pact.title",
      "fallback": "The Strongest Pact",
      "color": "dark_red",
      "bold": true,
      "italic": true,
      "underlined": false,
      "strikethrough": false,
      "obfuscated": false
    },
    "description": {
      "translate": "rrc.h-nigh.advancement.ritual.blood_pact.description",
      "fallback": "Participate in a Blood Ritual activation by throwing a Blood Diamond onto a soul campfire.",
      "bold": false,
      "italic": true,
      "underlined": false,
      "strikethrough": false,
      "obfuscated": false
    },
    "frame": "goal",
    "show_toast": true,
    "announce_to_chat": false,
    "hidden": true
  },
  "parent": "h-nigh:ritual/great_scorch",
  "criteria": {
    "h-nigh:blood_pact": {
      "trigger": "minecraft:impossible"
    }
  }
}
