{
	"description": {
		"translate": "enchantment.enchantplus.dwarfed",
		"fallback": "Dwarfed"
	},
	"exclusive_set": "#enchantplus:exclusive_set/size",
	"supported_items": "#minecraft:enchantable/leg_armor",
	"weight": 5,
	"max_level": 5,
	"min_cost": {
		"base": 8,
		"per_level_above_first": 12
	},
	"max_cost": {
		"base": 35,
		"per_level_above_first": 8
	},
	"anvil_cost": 1,
	"slots": ["legs"],
	"effects": {
		"minecraft:attributes": [
			{
				"id": "minecraft:enchantment.drawf",
				"attribute": "minecraft:scale",
				"amount": {
					"type": "minecraft:lookup",
					"values": [-0.15, -0.25, -0.35, -0.5],
					"fallback": {
						"type": "minecraft:linear",
						"base": -0.15,
						"per_level_above_first": -0.15
					}
				},
				"operation": "add_multiplied_base"
			},
			{
				"id": "minecraft:enchantment.drawfed.attack",
				"attribute": "minecraft:attack_damage",
				"amount": {
					"type": "minecraft:linear",
					"base": -1,
					"per_level_above_first": -0.5
				},
				"operation": "add_value"
			},
			{
				"id": "minecraft:enchantment.drawfed.reach",
				"attribute": "minecraft:entity_interaction_range",
				"amount": {
					"type": "minecraft:linear",
					"base": -0.15,
					"per_level_above_first": -0.1
				},
				"operation": "add_multiplied_total"
			}
		]
	}
}
