{
  "type": "minecraft:chest",
  "pools": [
    {
      "rolls": 1,
      "entries": [
        {
          "type": "minecraft:item",
          "name": "minecraft:tide_armor_trim_smithing_template",
          "weight": 1
        },
        {
          "type": "minecraft:loot_table",
          "value": "minecraft:archaeology/ocean_ruin_cold",
          "weight": 30
        },
        {
          "type": "minecraft:loot_table",
          "value": "minecraft:archaeology/ocean_ruin_warm",
          "weight": 30
        }
      ]
    }
  ],
  "functions": [
    {
      "function": "minecraft:reference",
      "name": "nova_structures:loot_modifier"
    }
  ]
}