{
  "processors": [
    {
      "processor_type": "minecraft:rule",
      "rules": [
        {
          "input_predicate": {
            "block": "minecraft:seagrass",
            "predicate_type": "minecraft:random_block_match",
            "probability": 0.3
          },
          "location_predicate": {
            "predicate_type": "minecraft:always_true"
          },
          "output_state": {
            "Name": "minecraft:kelp"
          }
        },
		{
          "input_predicate": {
            "block": "minecraft:seagrass",
            "predicate_type": "minecraft:random_block_match",
            "probability": 0.3
          },
          "location_predicate": {
            "predicate_type": "minecraft:always_true"
          },
          "output_state": {
            "Name": "minecraft:seagrass"
          }
        },
		{
          "input_predicate": {
            "block": "minecraft:seagrass",
            "predicate_type": "minecraft:random_block_match",
            "probability": 0.3
          },
          "location_predicate": {
            "predicate_type": "minecraft:always_true"
          },
          "output_state": {
            "Name": "minecraft:tube_coral"
          }
        },
		{
          "input_predicate": {
            "block": "minecraft:seagrass",
            "predicate_type": "minecraft:random_block_match",
            "probability": 0.3
          },
          "location_predicate": {
            "predicate_type": "minecraft:always_true"
          },
          "output_state": {
            "Name": "minecraft:brain_coral"
          }
        },
		{
          "input_predicate": {
            "block": "minecraft:seagrass",
            "predicate_type": "minecraft:random_block_match",
            "probability": 0.3
          },
          "location_predicate": {
            "predicate_type": "minecraft:always_true"
          },
          "output_state": {
            "Name": "minecraft:bubble_coral"
          }
        },
		{
          "input_predicate": {
            "block": "minecraft:seagrass",
            "predicate_type": "minecraft:random_block_match",
            "probability": 0.3
          },
          "location_predicate": {
            "predicate_type": "minecraft:always_true"
          },
          "output_state": {
            "Name": "minecraft:fire_coral"
          }
        },
		{
          "input_predicate": {
            "block": "minecraft:seagrass",
            "predicate_type": "minecraft:random_block_match",
            "probability": 0.3
          },
          "location_predicate": {
            "predicate_type": "minecraft:always_true"
          },
          "output_state": {
            "Name": "minecraft:horn_coral"
          }
        },
		{
          "input_predicate": {
            "block": "minecraft:seagrass",
            "predicate_type": "minecraft:random_block_match",
            "probability": 0.3
          },
          "location_predicate": {
            "predicate_type": "minecraft:always_true"
          },
          "output_state": {
            "Name": "minecraft:tube_coral_fan"
          }
        },
		{
          "input_predicate": {
            "block": "minecraft:seagrass",
            "predicate_type": "minecraft:random_block_match",
            "probability": 0.3
          },
          "location_predicate": {
            "predicate_type": "minecraft:always_true"
          },
          "output_state": {
            "Name": "minecraft:brain_coral_fan"
          }
        },
		{
          "input_predicate": {
            "block": "minecraft:seagrass",
            "predicate_type": "minecraft:random_block_match",
            "probability": 0.3
          },
          "location_predicate": {
            "predicate_type": "minecraft:always_true"
          },
          "output_state": {
            "Name": "minecraft:bubble_coral_fan"
          }
        },
		{
          "input_predicate": {
            "block": "minecraft:seagrass",
            "predicate_type": "minecraft:random_block_match",
            "probability": 0.3
          },
          "location_predicate": {
            "predicate_type": "minecraft:always_true"
          },
          "output_state": {
            "Name": "minecraft:fire_coral_fan"
          }
        },
		{
          "input_predicate": {
            "block": "minecraft:seagrass",
            "predicate_type": "minecraft:random_block_match",
            "probability": 0.3
          },
          "location_predicate": {
            "predicate_type": "minecraft:always_true"
          },
          "output_state": {
            "Name": "minecraft:horn_coral_fan"
          }
        },
		{
          "input_predicate": {
            "block": "minecraft:decorated_pot",
            "predicate_type": "minecraft:random_block_match",
            "probability": 0.4
          },
          "location_predicate": {
            "predicate_type": "minecraft:always_true"
          },
          "output_state": {
            "Name": "minecraft:water"
          }
        },
		{
          "output_state": {
            "Name": "minecraft:water"
          },
          "input_predicate": {
            "block": "minecraft:gravel",
            "predicate_type": "minecraft:block_match"
          },
          "location_predicate": {
            "block": "minecraft:water",
            "predicate_type": "minecraft:block_match"
          }
        },
		{
          "output_state": {
            "Name": "minecraft:sand"
          },
          "input_predicate": {
            "block": "minecraft:gravel",
            "predicate_type": "minecraft:block_match"
          },
          "location_predicate": {
            "block": "minecraft:sand",
            "predicate_type": "minecraft:block_match"
          }
        }
      ]
    },
	{
      "delegate": {
        "processor_type": "minecraft:rule",
        "rules": [
          {
            "block_entity_modifier": {
              "type": "minecraft:append_loot",
              "loot_table": "nova_structures:archaelogy/ocean_monument"
            },
            "input_predicate": {
              "predicate_type": "minecraft:block_match",
              "block": "minecraft:sand"
            },
            "location_predicate": {
              "predicate_type": "minecraft:always_true"
            },
            "output_state": {
              "Name": "minecraft:suspicious_sand",
              "Properties": {
                "dusted": "0"
              }
            }
          }
        ]
      },
      "limit": 7,
      "processor_type": "minecraft:capped"
    }
  ]
}