{
  "display": {
    "icon": {
      "id": "minecraft:leather_helmet",
      "components": {
        "minecraft:custom_model_data": {
          "floats": [
            6548002
          ]
        }
      }
    },
    "title": {
      "translate": "rrc.h-nigh.advancement.anti-christ.title",
      "fallback": "Antichrist!",
      "color": "dark_red",
      "bold": true,
      "italic": true,
      "underlined": false,
      "strikethrough": false,
      "obfuscated": false
    },
    "description": {
      "translate": "rrc.h-nigh.advancement.anti-christ.description",
      "fallback": "Kill a member of The Horde during a Festive Moon. How dare you.",
      "bold": false,
      "italic": true,
      "underlined": false,
      "strikethrough": false,
      "obfuscated": false
    },
    "frame": "challenge",
    "show_toast": true,
    "announce_to_chat": true,
    "hidden": true
  },
  "parent": "rrc:h-nigh",
  "criteria": {
    "h-nigh:anti-christ": {
      "trigger": "minecraft:impossible"
    }
  }
}