{
    "condition": "minecraft:entity_properties",
    "entity": "this",
    "predicate": {
        "slots": {
            "weapon.mainhand": {
                "items": "#minecraft:enchantable/mining_loot",
                "predicates": {
                    "minecraft:enchantments": [
                        {
                            "enchantments": "enchantplus:tools/miningplus",
                            "levels": 1
                        }
                    ]
                }
            }
        }
    }
}