{
  "pools": [
    {
      "rolls": 1,
      "entries": [
        {
          "type": "minecraft:item",
          "name": "minecraft:diamond",
          "functions": [
            {
              "function": "minecraft:set_components",
              "components": {
                "minecraft:custom_model_data": {
                  "floats": [
                    6548005
                  ]
                },
                "minecraft:custom_name": {
                  "translate": "rrc.h-nigh.item.diamond.bunk_diamond.name",
                  "fallback": "Bunk Blood Diamond",
                  "bold": true,
                  "italic": false,
                  "color": "red"
                },
                "minecraft:lore": [
                  {
                    "translate": "rrc.ref.item.crafting.failed.bunk.ritual",
                    "fallback": "Bunk Ritual Ingredient",
                    "italic": false,
                    "color": "dark_gray"
                  },
                  {
                    "text": " "
                  },
                  {
                    "translate": "rrc.generic.identifier.h-nigh.title",
                    "fallback": "Horde Nights",
                    "bold": true,
                    "italic": true,
                    "color": "#BA0000"
                  }
                ],
                "minecraft:custom_data": {
                  "h-nigh:bunk_blood_diamond": true
                }
              }
            }
          ]
        }
      ]
    }
  ]
}