{
	"display": {
		"icon": {
			"id": "minecraft:netherite_hoe"
		},
		"title": {
			"translate": "advancement.enchantplus.title.hoe",
			"fallback": "Neo Hoe",
			"color": "#FFE2A8"
		},
		"description": {
			"translate": "advancement.enchantplus.description.hoe",
			"fallback": "Get every custom enchantment book for the hoe",
			"color": "green"
		},
		"frame": "goal",
		"show_toast": true,
		"announce_to_chat": false,
		"hidden": false
	},
	"parent": "enchantplus:tools/start",
	"criteria": {
		"scyther": {
			"trigger": "minecraft:inventory_changed",
			"conditions": {
				"items": [
					{
						"predicates": {
							"minecraft:enchantments": [
								{
									"enchantments": "enchantplus:hoe/scyther"
								}
							]
						}
					}
				]
			}
		},
		"harvest": {
			"trigger": "minecraft:inventory_changed",
			"conditions": {
				"items": [
					{
						"predicates": {
							"minecraft:enchantments": [
								{
									"enchantments": "enchantplus:hoe/harvest"
								}
							]
						}
					}
				]
			}
		}
	},
	"requirements": [["scyther"], ["harvest"]]
}
