{
    "description": {
        "translate": "enchantment.enchantplus.gungnir_breath",
        "fallback": "Gungnir Breath"
    },
    "supported_items": "#minecraft:enchantable/trident",
    "exclusive_set": "#enchantplus:exclusive_set/trident",
    "weight": 2,
    "max_level": 3,
    "min_cost": {
        "base": 12,
        "per_level_above_first": 8
    },
    "max_cost": {
        "base": 21,
        "per_level_above_first": 8
    },
    "anvil_cost": 6,
    "slots": [
        "mainhand",
        "offhand"
    ],
    "effects": {
        "minecraft:post_attack": [
            {
                "enchanted": "attacker",
                "affected": "victim",
                "effect": {
                    "type": "minecraft:run_function",
                    "function": "enchantplus:actions/gungnir_breath"
                }
            },
            {
                "enchanted": "attacker",
                "affected": "victim",
                "effect": {
                    "type": "minecraft:apply_mob_effect",
                    "to_apply": "minecraft:slowness",
                    "min_duration": {
                        "type": "minecraft:linear",
                        "base": 1,
                        "per_level_above_first": 1
                    },
                    "max_duration": {
                        "type": "minecraft:linear",
                        "base": 3,
                        "per_level_above_first": 1
                    },
                    "min_amplifier": {
                        "type": "minecraft:linear",
                        "base": 0,
                        "per_level_above_first": 1
                    },
                    "max_amplifier": {
                        "type": "minecraft:linear",
                        "base": 1,
                        "per_level_above_first": 1
                    }
                }
            }
        ],
        "minecraft:hit_block": [
            {
                "effect": {
                    "type": "minecraft:replace_disk",
                    "block_state": {
                        "type": "minecraft:simple_state_provider",
                        "state": {
                            "Name": "minecraft:frosted_ice",
                            "Properties": {
                                "age": "0"
                            }
                        }
                    },
                    "predicate": {
                        "type": "minecraft:all_of",
                        "predicates": [
                            {
                                "type": "minecraft:matching_blocks",
                                "blocks": "minecraft:air",
                                "offset": [
                                    0,
                                    1,
                                    0
                                ]
                            },
                            {
                                "type": "minecraft:matching_blocks",
                                "blocks": "minecraft:water"
                            }
                        ]
                    },
                    "offset": [
                        0,
                        0,
                        0
                    ],
                    "height": 1,
                    "radius": {
                        "type": "minecraft:linear",
                        "base": 3,
                        "per_level_above_first": 2
                    }
                },
                "requirements": {
                    "condition": "minecraft:entity_properties",
                    "entity": "this",
                    "predicate": {
                        "type": "minecraft:trident"
                    }
                }
            },
            {
                "effect": {
                    "type": "minecraft:run_function",
                    "function": "enchantplus:actions/gungnir_breath"
                },
                "requirements": {
                    "condition": "minecraft:entity_properties",
                    "entity": "this",
                    "predicate": {
                        "type": "minecraft:trident"
                    }
                }
            }
        ]
    }
}