{
  "name": "minecraft:ancient_city/walls/no_corners",
  "fallback": "minecraft:ancient_city/walls_lock",
  "elements": [
    {
      "weight": 1,
      "element": {
        "location": "minecraft:ancient_city/walls/intact_horizontal_wall_1",
        "processors": "minecraft:ancient_city_walls_degradation",
        "projection": "rigid",
        "element_type": "minecraft:single_pool_element"
      }
    },
    {
      "weight": 1,
      "element": {
        "location": "minecraft:ancient_city/walls/intact_horizontal_wall_2",
        "processors": "minecraft:ancient_city_walls_degradation",
        "projection": "rigid",
        "element_type": "minecraft:single_pool_element"
      }
    },
    {
      "weight": 1,
      "element": {
        "location": "minecraft:ancient_city/walls/intact_horizontal_wall_stairs_1",
        "processors": "minecraft:ancient_city_walls_degradation",
        "projection": "rigid",
        "element_type": "minecraft:single_pool_element"
      }
    },
    {
      "weight": 1,
      "element": {
        "location": "minecraft:ancient_city/walls/intact_horizontal_wall_stairs_2",
        "processors": "minecraft:ancient_city_walls_degradation",
        "projection": "rigid",
        "element_type": "minecraft:single_pool_element"
      }
    },
    {
      "weight": 1,
      "element": {
        "location": "minecraft:ancient_city/walls/intact_horizontal_wall_stairs_3",
        "processors": "minecraft:ancient_city_walls_degradation",
        "projection": "rigid",
        "element_type": "minecraft:single_pool_element"
      }
    },
    {
      "weight": 1,
      "element": {
        "location": "minecraft:ancient_city/walls/intact_horizontal_wall_stairs_4",
        "processors": "minecraft:ancient_city_walls_degradation",
        "projection": "rigid",
        "element_type": "minecraft:single_pool_element"
      }
    },
    {
      "weight": 1,
      "element": {
        "location": "minecraft:ancient_city/walls/intact_horizontal_wall_stairs_5",
        "processors": "minecraft:ancient_city_walls_degradation",
        "projection": "rigid",
        "element_type": "minecraft:single_pool_element"
      }
    },
    {
      "weight": 1,
      "element": {
        "location": "minecraft:ancient_city/walls/intact_horizontal_wall_bridge",
        "processors": "minecraft:ancient_city_walls_degradation",
        "projection": "rigid",
        "element_type": "minecraft:single_pool_element"
      }
    }
  ]
}