{
	"description": {
		"translate": "enchantment.enchantplus.ethereal_leap",
		"fallback": "Ethereal Leap"
	},
	"supported_items": "#enchantplus:enchantable/mounted",
	"weight": 2,
	"max_level": 7,
	"min_cost": {
		"base": 2,
		"per_level_above_first": 11
	},
	"max_cost": {
		"base": 9,
		"per_level_above_first": 9
	},
	"anvil_cost": 2,
	"slots": ["body"],
	"effects": {
		"minecraft:attributes": [
			{
				"id": "minecraft:enchantment.ethereal_leap",
				"attribute": "minecraft:jump_strength",
				"amount": {
					"type": "minecraft:linear",
					"base": 0.5,
					"per_level_above_first": 0.25
				},
				"operation": "add_multiplied_total"
			},
			{
				"id": "minecraft:enchantment.ethereal_leap_safe",
				"attribute": "minecraft:safe_fall_distance",
				"amount": {
					"type": "minecraft:linear",
					"base": 0.5,
					"per_level_above_first": 0.5
				},
				"operation": "add_multiplied_total"
			}
		]
	}
}
