{
	"description": {
		"translate": "enchantment.enchantencore.bear_spirit",
		"fallback": "Bear Spirit"
	},
	"exclusive_set": "#enchantencore:exclusive_set/spirit_wolf",
	"supported_items": "minecraft:wolf_armor",
	"weight": 1,
	"max_level": 1,
	"min_cost": {
		"base": 30,
		"per_level_above_first": 20
	},
	"max_cost": {
		"base": 60,
		"per_level_above_first": 20
	},
	"anvil_cost": 4,
	"slots": [
		"body"
	],
	"effects": {
		"minecraft:attributes": [
			{
				"id": "enchantencore:bear_scale",
				"attribute": "minecraft:scale",
				"amount": 1,
				"operation": "add_multiplied_total"
			},
			{
				"id": "enchantencore:bear_armor",
				"attribute": "minecraft:armor",
				"amount": 10,
				"operation": "add_value"
			},
			{
				"id": "enchantencore:bear_atck",
				"attribute": "minecraft:attack_damage",
				"amount": 3,
				"operation": "add_value"
			},
			{
				"id": "enchantencore:bear_atck_spd",
				"attribute": "minecraft:attack_speed",
				"amount": -1,
				"operation": "add_value"
			}
		],
		"minecraft:post_attack": [
			{
				"enchanted": "attacker",
				"affected": "attacker",
				"effect": {
					"type": "minecraft:apply_mob_effect",
					"to_apply": "minecraft:weakness",
					"min_duration": 0,
					"max_duration": 2,
					"min_amplifier": 19,
					"max_amplifier": 19
				},
				"requirements": {
					"condition": "minecraft:random_chance",
					"chance": 0.1
				}
			},
			{
				"enchanted": "attacker",
				"affected": "attacker",
				"effect": {
					"type": "minecraft:apply_mob_effect",
					"to_apply": "minecraft:slowness",
					"min_duration": 0,
					"max_duration": 2,
					"min_amplifier": 6,
					"max_amplifier": 6
				},
				"requirements": {
					"condition": "minecraft:random_chance",
					"chance": 0.1
				}
			}
		],
		"minecraft:damage_immunity": [
			{
				"requirements": {
					"condition": "minecraft:damage_source_properties",
					"predicate": {
						"tags": [
							{
								"id": "enchantencore:in_wall",
								"expected": true
							},
							{
								"id": "minecraft:bypasses_wolf_armor",
								"expected": false
							}
						]
					}
				},
				"effect": {}
			}
		]
	}
}