{
  "description": {
    "translate": "enchantment.enchantencore.enchanted_aura",
    "fallback": "Enchanted Aura"
  },
  "exclusive_set": "#enchantencore:aura",
  "supported_items": "#minecraft:head_armor",
  "weight": 2,
  "max_level": 1,
  "min_cost": {
    "base": 3,
    "per_level_above_first": 3
  },
  "max_cost": {
    "base": 5,
    "per_level_above_first": 5
  },
  "anvil_cost": 1,
  "slots": [
    "head"
  ],
  "effects": {
    "minecraft:tick": [
      {
        "requirements": {
          "condition": "minecraft:all_of",
          "terms": [
            {
              "condition": "minecraft:entity_properties",
              "entity": "this",
              "predicate": {
                "periodic_tick": 3
              }
            }
          ]
        },
        "effect": {
          "type": "minecraft:run_function",
          "function": "enchantencore:aura/enchanted/pet/init"
        }
      },
      {
        "effect": {
          "type": "minecraft:run_function",
          "function": "enchantencore:aura/enchanted/projectile/init"
        }
      },
      {
        "requirements": {
          "condition": "minecraft:all_of",
          "terms": [
            {
              "condition": "minecraft:random_chance",
              "chance": 0.2
            },
            {
              "condition": "minecraft:any_of",
              "terms": [
                {
                  "condition": "minecraft:all_of",
                  "terms": [
                    {
                      "condition": "minecraft:entity_scores",
                      "entity": "this",
                      "scores": {
                        "enchantencore.idle_time": {
                          "min": 60
                        }
                      }
                    },
                    {
                      "condition": "minecraft:entity_properties",
                      "entity": "this",
                      "predicate": {
                        "movement": {
                          "speed": 0
                        },
                        "periodic_tick": 10
                      }
                    }
                  ]
                },
                {
                  "condition": "minecraft:entity_properties",
                  "entity": "this",
                  "predicate": {
                    "type": "minecraft:armor_stand",
                    "periodic_tick": 10
                  }
                }
              ]
            }
          ]
        },
        "effect": {
          "type": "minecraft:run_function",
          "function": "enchantencore:aura/enchanted/idle"
        }
      }
    ],
    "minecraft:location_changed": [
      {
        "requirements": {
          "condition": "minecraft:any_of",
          "terms": [
            {
              "condition": "minecraft:entity_properties",
              "entity": "this",
              "predicate": {
                "type_specific": {
                  "type": "minecraft:player",
                  "input": {
                    "forward": true,
                    "backward": false
                  }
                }
              }
            },
            {
              "condition": "minecraft:entity_properties",
              "entity": "this",
              "predicate": {
                "type_specific": {
                  "type": "minecraft:player",
                  "input": {
                    "backward": false,
                    "left": true
                  }
                }
              }
            },
            {
              "condition": "minecraft:entity_properties",
              "entity": "this",
              "predicate": {
                "type_specific": {
                  "type": "minecraft:player",
                  "input": {
                    "backward": false,
                    "right": true
                  }
                }
              }
            }
          ]
        },
        "effect": {
          "type": "minecraft:run_function",
          "function": "enchantencore:aura/enchanted/moving"
        }
      }
    ],
    "minecraft:post_attack": [
      {
        "effect": {
          "type": "minecraft:run_function",
          "function": "enchantencore:aura/enchanted/attacked"
        },
        "enchanted": "victim",
        "affected": "victim"
      }
    ]
  }
}