{
    "description": {
    "translate": "enchantment.enchantencore.ender_shot",
    "fallback": "Ender Shot"
  },
    "exclusive_set": "#enchantencore:exclusive_set/shot_arrow",
    "supported_items": "#enchantencore:all_bows",
    "weight": 3,
    "max_level": 1,
    "min_cost": {
      "base": 21,
      "per_level_above_first": 10
    },
    "max_cost": {
      "base": 51,
      "per_level_above_first": 10
    },
    "anvil_cost": 4,
    "slots": [
      "mainhand"
    ],
    "effects": {
      "minecraft:post_attack": [
        {
          "enchanted": "attacker",
          "affected": "victim",
          "effect": {
            "type": "minecraft:all_of",
            "effects": [
              {
                "type": "minecraft:run_function",
                "function": "enchantencore:ender_shot"
              }
            ]
          },
          "requirements": {
            "condition": "minecraft:entity_properties",
            "entity": "this",
            "predicate": {
              "location": {
                "can_see_sky": true
              }
            }
          }
        }
      ]
    }
  }
  