{
    "description": {
    "translate": "enchantment.enchantencore.rejuvenation",
    "fallback": "Rejuvenation"
  },
    "exclusive_set": "#enchantencore:exclusive_set/shield",
    "supported_items": "minecraft:shield",
    "weight": 2,
    "max_level": 4,
    "min_cost": {
      "base": 21,
      "per_level_above_first": 20
    },
    "max_cost": {
      "base": 60,
      "per_level_above_first": 20
    },
    "anvil_cost": 4,
    "slots": [
      "offhand"
    ],
    "effects": {
      "minecraft:attributes": [
        {
          "id": "enchantencore:rejuvenation",
          "attribute": "minecraft:max_health",
          "amount": {
            "type": "minecraft:linear",
            "base": 1,
            "per_level_above_first": 1
          },
          "operation": "add_value"
        }
      ]
    }
  }
  