{
    "description": {
    "translate": "enchantment.enchantencore.shrinkage",
    "fallback": "Shrinkage"
  },
    "exclusive_set": "#enchantencore:exclusive_set/height",
    "supported_items": "#minecraft:chest_armor",
    "weight": 2,
    "max_level": 5,
    "min_cost": {
      "base": 12,
      "per_level_above_first": 11
    },
    "max_cost": {
      "base": 51,
      "per_level_above_first": 11
    },
    "anvil_cost": 2,
    "slots": [
      "chest"
    ],
    "effects": {
      "minecraft:attributes": [
        {
          "id": "enchantencore:shrinkage",
          "attribute": "minecraft:scale",
          "amount": {
            "type": "minecraft:linear",
            "base": -0.1,
            "per_level_above_first": -0.1
          },
          "operation": "add_value"
        },
        {
          "id": "enchantencore:shrinkagestep",
          "attribute": "minecraft:step_height",
          "amount": {
            "type": "minecraft:linear",
            "base": -0.1,
            "per_level_above_first": -0.1
          },
          "operation": "add_value"
        }
      ]
    }
  }
  