{
    "description": {
    "translate": "enchantment.enchantencore.slowness_aspect",
    "fallback": "Slowness Aspect"
  },
    "exclusive_set": "#enchantencore:exclusive_set/aspect",
    "supported_items": "#minecraft:enchantable/fire_aspect",
    "primary_items": "#minecraft:enchantable/sword",
    "weight": 2,
    "max_level": 2,
    "min_cost": {
      "base": 10,
      "per_level_above_first": 20
    },
    "max_cost": {
      "base": 60,
      "per_level_above_first": 20
    },
    "anvil_cost": 4,
    "slots": [
      "mainhand"
    ],
    "effects": {
      "minecraft:post_attack": [
        {
          "enchanted": "attacker",
          "affected": "victim",
          "effect": {
            "type": "minecraft:apply_mob_effect",
            "to_apply": "minecraft:slowness",
            "min_duration": {
              "type": "minecraft:linear",
              "base": 1,
              "per_level_above_first": 0
            },
            "max_duration": {
              "type": "minecraft:linear",
              "base": 2,
              "per_level_above_first": 2
            },
            "min_amplifier": {
              "type": "minecraft:linear",
              "base": 0,
              "per_level_above_first": 1
            },
            "max_amplifier": {
              "type": "minecraft:linear",
              "base": 0,
              "per_level_above_first": 1
            }
          },
          "requirements": {
            "condition": "minecraft:damage_source_properties",
            "predicate": {
              "is_direct": true
            }
          }
        }
      ]
    }
  }
  