{
	"type": "minecraft:jigsaw",
	"start_pool": "minecraft:witch_hut/witch_hut",
	"biomes": "#minecraft:has_structure/swamp_hut",
	"project_start_to_heightmap": "WORLD_SURFACE_WG",
	"start_height": {
		"absolute": 0
	},
	"spawn_overrides": {
    "creature": {
      "bounding_box": "piece",
      "spawns": [
        {
          "type": "minecraft:cat",
          "maxCount": 1,
          "minCount": 1,
          "weight": 1
        }
      ]
    },
    "monster": {
      "bounding_box": "piece",
      "spawns": [
        {
          "type": "minecraft:witch",
          "maxCount": 1,
          "minCount": 1,
          "weight": 1
        }
      ]
    }
  },
	"step": "surface_structures",
	"use_expansion_hack": false,
	"max_distance_from_center": 80,
	"size": 2
}