{
  "elements": [
    {
      "element": {
        "element_type": "minecraft:single_pool_element",
        "location": "minecraft:stronghold/sewer/stronghold_sewer_path_curve",
        "processors": "minecraft:stronghold_sewer_degradation",
        "projection": "rigid"
      },
      "weight": 1
    },
	{
      "element": {
        "element_type": "minecraft:single_pool_element",
        "location": "minecraft:stronghold/sewer/stronghold_sewer_path_cross",
        "processors": "minecraft:stronghold_sewer_degradation",
        "projection": "rigid"
      },
      "weight": 1
    },
	{
      "element": {
        "element_type": "minecraft:single_pool_element",
        "location": "minecraft:stronghold/sewer/stronghold_sewer_path_t-cross",
        "processors": "minecraft:stronghold_sewer_degradation",
        "projection": "rigid"
      },
      "weight": 1
    },
	{
      "element": {
        "element_type": "minecraft:single_pool_element",
        "location": "minecraft:stronghold/sewer/stronghold_sewer_path_snake_3",
        "processors": "minecraft:stronghold_sewer_degradation",
        "projection": "rigid"
      },
      "weight": 1
    },
	{
      "element": {
        "element_type": "minecraft:single_pool_element",
        "location": "minecraft:stronghold/sewer/stronghold_sewer_path_snake_4",
        "processors": "minecraft:stronghold_sewer_degradation",
        "projection": "rigid"
      },
      "weight": 1
    },
	{
      "element": {
        "element_type": "minecraft:single_pool_element",
        "location": "minecraft:stronghold/sewer/stronghold_sewer_path_snake_5",
        "processors": "minecraft:stronghold_sewer_degradation",
        "projection": "rigid"
      },
      "weight": 1
    },
	{
      "element": {
        "element_type": "minecraft:single_pool_element",
        "location": "minecraft:stronghold/sewer/stronghold_sewer_path_snake_reverse_3",
        "processors": "minecraft:stronghold_sewer_degradation",
        "projection": "rigid"
      },
      "weight": 1
    },
	{
      "element": {
        "element_type": "minecraft:single_pool_element",
        "location": "minecraft:stronghold/sewer/stronghold_sewer_path_snake_reverse_4",
        "processors": "minecraft:stronghold_sewer_degradation",
        "projection": "rigid"
      },
      "weight": 1
    },
	{
      "element": {
        "element_type": "minecraft:single_pool_element",
        "location": "minecraft:stronghold/sewer/stronghold_sewer_path_snake_reverse_5",
        "processors": "minecraft:stronghold_sewer_degradation",
        "projection": "rigid"
      },
      "weight": 1
    },
	{
      "element": {
        "element_type": "minecraft:single_pool_element",
        "location": "minecraft:stronghold/sewer/stronghold_sewer_path_straight_1",
        "processors": "minecraft:stronghold_sewer_degradation",
        "projection": "rigid"
      },
      "weight": 1
    },
	{
      "element": {
        "element_type": "minecraft:single_pool_element",
        "location": "minecraft:stronghold/sewer/stronghold_sewer_path_straight_2",
        "processors": "minecraft:stronghold_sewer_degradation",
        "projection": "rigid"
      },
      "weight": 1
    },
	{
      "element": {
        "element_type": "minecraft:single_pool_element",
        "location": "minecraft:stronghold/sewer/stronghold_sewer_path_straight_1",
        "processors": "minecraft:stronghold_sewer_degradation",
        "projection": "rigid"
      },
      "weight": 1
    },
	{
      "element": {
        "element_type": "minecraft:single_pool_element",
        "location": "minecraft:stronghold/sewer/stronghold_sewer_path_stairs",
        "processors": "minecraft:stronghold_sewer_degradation",
        "projection": "rigid"
      },
      "weight": 1
    },
	{
      "element": {
        "element_type": "minecraft:single_pool_element",
        "location": "minecraft:stronghold/sewer/stronghold_sewer_path_stairs_spiral",
        "processors": "minecraft:stronghold_sewer_degradation",
        "projection": "rigid"
      },
      "weight": 1
    }
  ],
  "fallback": "minecraft:stronghold/stronghold_sewer_hallway_lock"
}