{
  "type": "minecraft:chest",
  "pools": [
    {
      "bonus_rolls": 0.0,
      "rolls": 2,
      "entries": [
        {
          "type": "minecraft:item",
          "name": "minecraft:spyglass",
          "weight": 20
        },
        {
          "type": "minecraft:item",
          "name": "minecraft:writable_book",
          "weight": 20
        },
        {
          "type": "minecraft:item",
          "name": "minecraft:bundle",
          "weight": 40
        },
        {
          "type": "minecraft:item",
          "name": "minecraft:sentry_armor_trim_smithing_template"
        },
        {
          "type": "minecraft:item",
          "name": "minecraft:comparator",
          "weight": 20
        },
        {
          "type": "minecraft:item",
          "functions": [
            {
              "options": "#nova_structures:structure/illager_outpost",
              "function": "minecraft:enchant_with_levels",
              "levels": 20
            }
          ],
          "name": "minecraft:book",
          "quality": 40
        }
      ]
    },
    {
      "bonus_rolls": 0.0,
      "rolls": 2,
      "entries": [
        {
          "type": "minecraft:item",
          "functions": [
            {
              "function": "set_count",
              "count": {
                "min": 2,
                "max": 4
              }
            }
          ],
          "name": "minecraft:book"
        },
        {
          "type": "minecraft:item",
          "functions": [
            {
              "function": "minecraft:set_count",
              "count": {
                "type": "minecraft:uniform",
                "min": 2.0,
                "max": 6.0
              },
              "add": false
            }
          ],
          "name": "minecraft:paper"
        },
        {
          "type": "minecraft:item",
          "functions": [
            {
              "function": "minecraft:set_count",
              "count": {
                "type": "minecraft:uniform",
                "min": 1.0,
                "max": 3.0
              },
              "add": false
            }
          ],
          "name": "minecraft:ink_sac"
        },
        {
          "type": "minecraft:item",
          "functions": [
            {
              "function": "minecraft:set_count",
              "count": {
                "type": "minecraft:uniform",
                "min": 2.0,
                "max": 3.0
              },
              "add": false
            }
          ],
          "name": "minecraft:feather"
        },
        {
          "type": "minecraft:item",
          "functions": [
            {
              "function": "minecraft:set_count",
              "count": {
                "type": "minecraft:uniform",
                "min": 1.0,
                "max": 2.0
              },
              "add": false
            }
          ],
          "name": "minecraft:amethyst_shard"
        },
        {
          "type": "minecraft:item",
          "functions": [
            {
              "function": "minecraft:set_count",
              "count": {
                "type": "minecraft:uniform",
                "min": 2.0,
                "max": 6.0
              },
              "add": false
            }
          ],
          "name": "minecraft:gray_candle"
        }
      ]
    }
  ],
  "functions": [
    {
      "function": "minecraft:reference",
      "name": "nova_structures:loot_modifier"
    }
  ]
}