{
	"name": "nova_structure:nether_fortress/start",
  "elements": [
    {
      "element": {
        "element_type": "minecraft:single_pool_element",
        "location": "nova_structures:nether_fortress/bridge/nether_fortress_bridge_fallback",
        "processors": "nova_structures:nether_fortress_overhaul_degradation",
        "projection": "rigid"
      },
      "weight": 1
    },
	{
      "element": {
        "element_type": "minecraft:single_pool_element",
        "location": "nova_structures:nether_fortress/bridge/nether_fortress_bridge_intersect_fallback",
        "processors": "nova_structures:nether_fortress_overhaul_degradation",
        "projection": "rigid"
      },
      "weight": 1
    }
  ],
  "fallback": "nova_structures:nether_fortress/bridge_fallback"
}