{
  "processors": [
    {
      "processor_type": "minecraft:rule",
      "rules": [
        {
          "input_predicate": {
            "block": "minecraft:stone_bricks",
            "predicate_type": "minecraft:random_block_match",
            "probability": 0.2
          },
          "location_predicate": {
            "predicate_type": "minecraft:always_true"
          },
          "output_state": {
            "Name": "minecraft:cracked_stone_bricks"
          }
        },
		{
          "input_predicate": {
            "block": "minecraft:chiseled_stone_bricks",
            "predicate_type": "minecraft:random_block_match",
            "probability": 0.05
          },
          "location_predicate": {
            "predicate_type": "minecraft:always_true"
          },
          "output_state": {
            "Name": "minecraft:infested_chiseled_stone_bricks"
          }
        },
		{
          "input_predicate": {
            "block": "minecraft:stone_bricks",
            "predicate_type": "minecraft:random_block_match",
            "probability": 0.3
          },
          "location_predicate": {
            "predicate_type": "minecraft:always_true"
          },
          "output_state": {
            "Name": "minecraft:mossy_stone_bricks"
          }
        },
		{
          "input_predicate": {
            "block": "minecraft:decorated_pot",
            "predicate_type": "minecraft:random_block_match",
            "probability": 0.3
          },
          "location_predicate": {
            "predicate_type": "minecraft:always_true"
          },
          "output_state": {
            "Name": "minecraft:air"
          }
        },
		{
          "input_predicate": {
            "block": "minecraft:stone_bricks",
            "predicate_type": "minecraft:random_block_match",
            "probability": 0.05
          },
          "location_predicate": {
            "predicate_type": "minecraft:always_true"
          },
          "output_state": {
            "Name": "minecraft:infested_stone_bricks"
          }
        },
		{
          "input_predicate": {
            "block": "minecraft:stone_bricks",
            "predicate_type": "minecraft:random_block_match",
            "probability": 0.05
          },
          "location_predicate": {
            "predicate_type": "minecraft:always_true"
          },
          "output_state": {
            "Name": "minecraft:infested_cracked_stone_bricks"
          }
        },
        {
          "input_predicate": {
            "block": "minecraft:cobblestone",
            "predicate_type": "minecraft:random_block_match",
            "probability": 0.2
          },
          "location_predicate": {
            "predicate_type": "minecraft:always_true"
          },
          "output_state": {
            "Name": "minecraft:mossy_cobblestone"
          }
        },
		{
          "input_predicate": {
            "block": "minecraft:cobblestone",
            "predicate_type": "minecraft:random_block_match",
            "probability": 0.2
          },
          "location_predicate": {
            "predicate_type": "minecraft:always_true"
          },
          "output_state": {
            "Name": "minecraft:infested_cobblestone"
          }
        },
		{
          "input_predicate": {
            "block": "minecraft:polished_andesite",
            "predicate_type": "minecraft:random_block_match",
            "probability": 0.1
          },
          "location_predicate": {
            "predicate_type": "minecraft:always_true"
          },
          "output_state": {
            "Name": "minecraft:infested_cobblestone"
          }
        },
		{
          "input_predicate": {
            "block": "minecraft:polished_andesite",
            "predicate_type": "minecraft:random_block_match",
            "probability": 0.1
          },
          "location_predicate": {
            "predicate_type": "minecraft:always_true"
          },
          "output_state": {
            "Name": "minecraft:cobblestone"
          }
        },
		{
          "input_predicate": {
            "block": "minecraft:polished_deepslate",
            "predicate_type": "minecraft:random_block_match",
            "probability": 0.2
          },
          "location_predicate": {
            "predicate_type": "minecraft:always_true"
          },
          "output_state": {
            "Name": "minecraft:cobbled_deepslate"
          }
        },
		{
          "input_predicate": {
            "block": "minecraft:deepslate_bricks",
            "predicate_type": "minecraft:random_block_match",
            "probability": 0.2
          },
          "location_predicate": {
            "predicate_type": "minecraft:always_true"
          },
          "output_state": {
            "Name": "minecraft:cracked_deepslate_bricks"
          }
        },
		{
          "input_predicate": {
            "block": "minecraft:deepslate_bricks",
            "predicate_type": "minecraft:random_block_match",
            "probability": 0.2
          },
          "location_predicate": {
            "predicate_type": "minecraft:always_true"
          },
          "output_state": {
            "Name": "minecraft:infested_deepslate"
          }
        },
		{
          "input_predicate": {
            "block": "minecraft:flower_pot",
            "predicate_type": "minecraft:random_block_match",
            "probability": 0.2
          },
          "location_predicate": {
            "predicate_type": "minecraft:always_true"
          },
          "output_state": {
            "Name": "minecraft:potted_poppy"
          }
        },
		{
          "input_predicate": {
            "block": "minecraft:flower_pot",
            "predicate_type": "minecraft:random_block_match",
            "probability": 0.2
          },
          "location_predicate": {
            "predicate_type": "minecraft:always_true"
          },
          "output_state": {
            "Name": "minecraft:potted_cornflower"
          }
        },
		{
          "input_predicate": {
            "block": "minecraft:flower_pot",
            "predicate_type": "minecraft:random_block_match",
            "probability": 0.2
          },
          "location_predicate": {
            "predicate_type": "minecraft:always_true"
          },
          "output_state": {
            "Name": "minecraft:potted_dandelion"
          }
        },
		{
          "input_predicate": {
            "block": "minecraft:flower_pot",
            "predicate_type": "minecraft:random_block_match",
            "probability": 0.2
          },
          "location_predicate": {
            "predicate_type": "minecraft:always_true"
          },
          "output_state": {
            "Name": "minecraft:potted_oak_sapling"
          }
        },
		{
          "input_predicate": {
            "block": "minecraft:flower_pot",
            "predicate_type": "minecraft:random_block_match",
            "probability": 0.2
          },
          "location_predicate": {
            "predicate_type": "minecraft:always_true"
          },
          "output_state": {
            "Name": "minecraft:potted_spruce_sapling"
          }
        },
		{
          "input_predicate": {
            "block": "minecraft:flower_pot",
            "predicate_type": "minecraft:random_block_match",
            "probability": 0.2
          },
          "location_predicate": {
            "predicate_type": "minecraft:always_true"
          },
          "output_state": {
            "Name": "minecraft:potted_birch_sapling"
          }
        },
		{
          "input_predicate": {
            "block": "minecraft:flower_pot",
            "predicate_type": "minecraft:random_block_match",
            "probability": 0.2
          },
          "location_predicate": {
            "predicate_type": "minecraft:always_true"
          },
          "output_state": {
            "Name": "minecraft:potted_spruce_sapling"
          }
        },
		{
          "input_predicate": {
            "block": "minecraft:flower_pot",
            "predicate_type": "minecraft:random_block_match",
            "probability": 0.2
          },
          "location_predicate": {
            "predicate_type": "minecraft:always_true"
          },
          "output_state": {
            "Name": "minecraft:potted_dead_bush"
          }
        },
		{
          "input_predicate": {
            "block": "minecraft:flower_pot",
            "predicate_type": "minecraft:random_block_match",
            "probability": 0.2
          },
          "location_predicate": {
            "predicate_type": "minecraft:always_true"
          },
          "output_state": {
            "Name": "minecraft:potted_fern"
          }
        },
		{
          "input_predicate": {
            "block": "minecraft:flower_pot",
            "predicate_type": "minecraft:random_block_match",
            "probability": 0.2
          },
          "location_predicate": {
            "predicate_type": "minecraft:always_true"
          },
          "output_state": {
            "Name": "minecraft:potted_flowering_azalea_bush"
          }
        },
		{
          "input_predicate": {
            "block": "minecraft:flower_pot",
            "predicate_type": "minecraft:random_block_match",
            "probability": 0.2
          },
          "location_predicate": {
            "predicate_type": "minecraft:always_true"
          },
          "output_state": {
            "Name": "minecraft:potted_azalea_bush"
          }
        },
		{
          "input_predicate": {
            "block": "minecraft:flower_pot",
            "predicate_type": "minecraft:random_block_match",
            "probability": 0.2
          },
          "location_predicate": {
            "predicate_type": "minecraft:always_true"
          },
          "output_state": {
            "Name": "minecraft:potted_allium"
          }
        },
		{
          "input_predicate": {
            "block": "minecraft:flower_pot",
            "predicate_type": "minecraft:random_block_match",
            "probability": 0.2
          },
          "location_predicate": {
            "predicate_type": "minecraft:always_true"
          },
          "output_state": {
            "Name": "minecraft:potted_azure_bluet"
          }
        }
      ]
    },
	{
      "processor_type": "minecraft:protected_blocks",
      "value": "#minecraft:dnt_stronghold_protected"
    }
  ]
}