{
  "display": {
    "icon": {
      "id": "minecraft:enchanted_book"
    },
    "title": {
      "translate": "enchantment.enchantplus.lava_walker",
      "fallback": "Lava Walker",
      "color": "#40E6FF"
    },
    "description": {
      "translate": "advancement.enchantplus.description.lava_walker",
      "fallback": "Striders may not like this one"
    },
    "frame": "task",
    "show_toast": false,
    "announce_to_chat": false,
    "hidden": false
  },
  "parent": "enchantplus:armor/boots/agility",
  "criteria": {
    "requirement": {
      "trigger": "minecraft:inventory_changed",
      "conditions": {
        "items": [
          {
            "predicates": {
              "minecraft:enchantments": [
                {
                  "enchantments": "enchantplus:boots/lava_walker"
                }
              ]
            }
          }
        ]
      }
    }
  }
}