{
	"name": "minecraft:pillager_outpost/base_plates",
  "elements": [
    {
      "element": {
        "element_type": "minecraft:legacy_single_pool_element",
        "location": "minecraft:pillager_outpost/base_plate1",
        "processors": {
          "processors": []
        },
        "projection": "rigid"
      },
      "weight": 1
    },
	{
      "element": {
        "element_type": "minecraft:legacy_single_pool_element",
        "location": "minecraft:pillager_outpost/base_plate2",
        "processors": {
          "processors": []
        },
        "projection": "rigid"
      },
      "weight": 1
    },
	{
      "element": {
        "element_type": "minecraft:legacy_single_pool_element",
        "location": "minecraft:pillager_outpost/base_plate3",
        "processors": {
          "processors": []
        },
        "projection": "rigid"
      },
      "weight": 1
    },
	{
      "element": {
        "element_type": "minecraft:legacy_single_pool_element",
        "location": "minecraft:pillager_outpost/base_plate4",
        "processors": {
          "processors": []
        },
        "projection": "rigid"
      },
      "weight": 1
    },
	{
      "element": {
        "element_type": "minecraft:legacy_single_pool_element",
        "location": "minecraft:pillager_outpost/base_plate5",
        "processors": {
          "processors": []
        },
        "projection": "rigid"
      },
      "weight": 1
    }
	  ],
  "fallback": "minecraft:empty"
}