{
	"type": "minecraft:block",
	"pools": [
		{
			"bonus_rolls": 0.0,
			"entries": [
				{
					"type": "minecraft:alternatives",
					"children": [
						{
							"type": "minecraft:item",
							"conditions": [
								{
									"condition": "minecraft:match_tool",
									"predicate": {
										"predicates": {
											"minecraft:enchantments": [
												{
													"enchantments": "minecraft:silk_touch",
													"levels": {
														"min": 1
													}
												}
											]
										}
									}
								}
							],
							"name": "minecraft:iron_ore"
						},
						{
							"type": "minecraft:item",
							"functions": [
								{
									"enchantment": "minecraft:fortune",
									"formula": "minecraft:ore_drops",
									"function": "minecraft:apply_bonus"
								},
								{
									"function": "minecraft:furnace_smelt",
									"conditions": [
										{
											"condition": "minecraft:match_tool",
											"predicate": {
												"predicates": {
													"minecraft:enchantments": [
														{
															"enchantments": "enchantplus:tools/auto_smelt",
															"levels": {
																"min": 1
															}
														}
													]
												}
											}
										}
									]
								},
								{
									"function": "minecraft:set_components",
									"components": {
										"minecraft:custom_data": {
											"ne_auto_smelt_drops_xp": true,
											"ne_auto_smelt_xp": 1
										}
									},
									"conditions": [
										{
											"condition": "minecraft:match_tool",
											"predicate": {
												"predicates": {
													"minecraft:enchantments": [
														{
															"enchantments": "enchantplus:tools/auto_smelt",
															"levels": {
																"min": 1
															}
														}
													]
												}
											}
										},
										{
											"condition": "minecraft:random_chance",
											"chance": 0.7
										}
									]
								},
								{
									"function": "minecraft:explosion_decay"
								}
							],
							"name": "minecraft:raw_iron"
						}
					]
				}
			],
			"rolls": 1.0
		}
	],
	"random_sequence": "minecraft:blocks/iron_ore"
}
