{
	"type": "minecraft:block",
	"pools": [
		{
			"bonus_rolls": 0.0,
			"entries": [
				{
					"type": "minecraft:item",
					"functions": [
						{
							"function": "minecraft:furnace_smelt",
							"conditions": [
								{
									"condition": "minecraft:match_tool",
									"predicate": {
										"predicates": {
											"minecraft:enchantments": [
												{
													"enchantments": "enchantplus:tools/auto_smelt",
													"levels": {
														"min": 1
													}
												}
											]
										}
									}
								}
							]
						},
						{
							"function": "minecraft:set_components",
							"components": {
								"minecraft:custom_data": {
									"ne_auto_smelt_drops_xp": true,
									"ne_auto_smelt_xp": 1
								}
							},
							"conditions": [
								{
									"condition": "minecraft:match_tool",
									"predicate": {
										"predicates": {
											"minecraft:enchantments": [
												{
													"enchantments": "enchantplus:tools/auto_smelt",
													"levels": {
														"min": 1
													}
												}
											]
										}
									}
								},
								{
									"condition": "minecraft:random_chance",
									"chance": 0.1
								}
							]
						},
						{
							"add": false,
							"conditions": [
								{
									"block": "minecraft:sea_pickle",
									"condition": "minecraft:block_state_property",
									"properties": {
										"pickles": "2"
									}
								}
							],
							"count": 2.0,
							"function": "minecraft:set_count"
						},
						{
							"add": false,
							"conditions": [
								{
									"block": "minecraft:sea_pickle",
									"condition": "minecraft:block_state_property",
									"properties": {
										"pickles": "3"
									}
								}
							],
							"count": 3.0,
							"function": "minecraft:set_count"
						},
						{
							"add": false,
							"conditions": [
								{
									"block": "minecraft:sea_pickle",
									"condition": "minecraft:block_state_property",
									"properties": {
										"pickles": "4"
									}
								}
							],
							"count": 4.0,
							"function": "minecraft:set_count"
						},
						{
							"function": "minecraft:explosion_decay"
						}
					],
					"name": "minecraft:sea_pickle"
				}
			],
			"rolls": 1.0
		}
	],
	"random_sequence": "minecraft:blocks/sea_pickle"
}
