{
	"type": "minecraft:block",
	"pools": [
		{
			"bonus_rolls": 0.0,
			"conditions": [
				{
					"condition": "minecraft:survives_explosion"
				}
			],
			"functions": [
				{
					"function": "minecraft:furnace_smelt",
					"conditions": [
						{
							"condition": "minecraft:match_tool",
							"predicate": {
								"predicates": {
									"minecraft:enchantments": [
										{
											"enchantments": "enchantplus:tools/auto_smelt",
											"levels": {
												"min": 1
											}
										}
									]
								}
							}
						}
					]
				},
				{
					"function": "minecraft:set_components",
					"components": {
						"minecraft:custom_data": {
							"ne_auto_smelt_drops_xp": true,
							"ne_auto_smelt_xp": 1
						}
					},
					"conditions": [
						{
							"condition": "minecraft:match_tool",
							"predicate": {
								"predicates": {
									"minecraft:enchantments": [
										{
											"enchantments": "enchantplus:tools/auto_smelt",
											"levels": {
												"min": 1
											}
										}
									]
								}
							}
						},
						{
							"condition": "minecraft:random_chance",
							"chance": 0.15
						}
					]
				}
			],
			"entries": [
				{
					"type": "minecraft:item",
					"name": "minecraft:stripped_jungle_log"
				}
			],
			"rolls": 1.0
		}
	],
	"random_sequence": "minecraft:blocks/stripped_jungle_log"
}
