{
  "display": {
    "icon": {
      "id": "minecraft:blue_wool"
    },
    "title": {
      "translate": "advancement.enchantplus.title.durability",
      "fallback": "Durability+"
    },
    "description": {
      "translate": "advancement.enchantplus.description.durability",
      "fallback": "Get every custom enchantment book for the durability",
      "color": "#57BBD9"
    },
    "frame": "task",
    "show_toast": false,
    "announce_to_chat": false,
    "hidden": true
  },
  "parent": "enchantplus:list",
  "criteria": {
    "requirement": {
      "trigger": "minecraft:impossible"
    }
  }
}