{
  "type": "minecraft:archaeology",
  "pools": [
    {
      "bonus_rolls": 0.0,
      "entries": [
        {
          "type": "minecraft:item",
          "name": "minecraft:enchanted_golden_apple",
		  "weight": 8
        },
        {
          "type": "minecraft:item",
          "name": "minecraft:ward_armor_trim_smithing_template",
		  "weight": 4
        },
        {
          "type": "minecraft:item",
          "name": "minecraft:silence_armor_trim_smithing_template"
        },
        {
          "type": "minecraft:item",
          "functions": [
            {
              "options": "minecraft:swift_sneak",
              "function": "minecraft:enchant_randomly"
            }
          ],
          "name": "minecraft:book",
          "weight": 8
        },
		{
          "type": "minecraft:item",
          "functions": [
            {
              "options": "minecraft:mending",
              "function": "minecraft:enchant_randomly"
            }
          ],
          "name": "minecraft:book",
          "weight": 4
        },
        {
          "type": "minecraft:item",
          "name": "minecraft:mourner_pottery_sherd",
          "weight": 24
        },
        {
          "type": "minecraft:item",
          "name": "minecraft:disc_fragment_5",
          "weight": 24
        },
        {
          "type": "minecraft:item",
          "name": "minecraft:echo_shard",
          "weight": 24
        },
        {
          "type": "minecraft:item",
          "name": "minecraft:golden_apple",
          "weight": 24
        },
        {
          "type": "minecraft:item",
          "name": "minecraft:diamond",
          "weight": 24
        }
      ],
      "rolls": 1.0
    }
  ],
  "functions": [
    {
      "function": "minecraft:reference",
      "name": "nova_structures:loot_modifier"
    }
  ]
}