{
  "type": "minecraft:gift",
  "pools": [
    {
      "rolls": 1,
      "entries": [
        {
          "type": "minecraft:item",
          "name": "minecraft:copper_ingot",
          "weight": 9
        },
        {
          "type": "minecraft:item",
          "name": "minecraft:copper_block",
          "weight": 5
        },
        {
          "type": "minecraft:item",
          "name": "minecraft:copper_ore",
          "weight": 7
        },
        {
          "type": "minecraft:loot_table",
          "value": "h-nigh:items/horde_rod/festive",
          "weight": 1
        },
        {
          "type": "minecraft:item",
          "name": "minecraft:lightning_rod",
          "weight": 5
        },
        {
          "type": "minecraft:item",
          "name": "minecraft:exposed_copper",
          "weight": 4
        },
        {
          "type": "minecraft:item",
          "name": "minecraft:oxidized_copper",
          "weight": 2
        },
        {
          "type": "minecraft:item",
          "name": "minecraft:weathered_copper",
          "weight": 3
        }
      ]
    }
  ]
}