{
    "type": "minecraft:gift",
    "pools": [
      {
        "rolls": 1,
        "entries": [
          {
            "type": "minecraft:loot_table",
            "value": "h-nigh:gameplay/festive/generic_gift",
            "weight": 1
          },
          {
            "type": "minecraft:loot_table",
            "value": "h-nigh:items/charm_of_greed",
            "weight": 1
          },
          {
            "type": "minecraft:item",
            "name": "minecraft:enchanted_golden_apple",
            "weight": 1
          },
          {
            "type": "minecraft:item",
            "name": "minecraft:gold_ore",
            "weight": 10
          },
          {
            "type": "minecraft:item",
            "name": "minecraft:gold_nugget",
            "weight": 120,
            "functions": [
              {
                "function": "minecraft:set_count",
                "count": {
                  "type": "minecraft:uniform",
                  "min": 1,
                  "max": 8
                }
              }
            ]
          },
          {
            "type": "minecraft:item",
            "name": "minecraft:golden_carrot",
            "weight": 50,
            "functions": [
              {
                "function": "minecraft:set_count",
                "count": {
                  "type": "minecraft:uniform",
                  "min": 1,
                  "max": 32
                }
              }
            ]
          },
          {
            "type": "minecraft:item",
            "name": "minecraft:gold_ingot",
            "weight": 25
          },
          {
            "type": "minecraft:item",
            "name": "minecraft:gold_block",
            "weight": 3
          },
          {
            "type": "minecraft:item",
            "name": "minecraft:raw_gold_block",
            "weight": 4
          },
          {
            "type": "minecraft:item",
            "name": "minecraft:raw_gold",
            "weight": 30
          },
          {
            "type": "minecraft:item",
            "name": "minecraft:deepslate_gold_ore",
            "weight": 7
          },
          {
            "type": "minecraft:item",
            "name": "minecraft:golden_apple",
            "weight": 35
          },
          {
            "type": "minecraft:item",
            "name": "minecraft:golden_horse_armor",
            "weight": 50
          }
        ],
        "functions": []
      }
    ],
    "random_sequence": "h-nigh:gameplay/festive/mobs/zombies/zombified_piglin_gift"
  }